{"mean": 19.952658473195015, "std": 5.999540355289152}