{"mean": 21.715827496586055, "std": 7.303523504623946}