{"mean": 12.067296594863663, "std": 6.130315800663806}