{"mean": 12.534782608695652, "std": 10.557422084907984}