{"mean": 12.69483282674772, "std": 7.027563470838424}