{"mean": 20.998330470023348, "std": 6.8305327432893455}