{"mean": 20.74720056385181, "std": 7.302185396988621}