{"mean": 16.93422756706753, "std": 9.537936571947807}