{"mean": 20.12762873882208, "std": 7.660792345568627}